PJoinPK,EmpIDFK,FirstName,LastName,DateofBirth,DateofJoining,DayofJoining,MonthofJoining,YearofJoining,WorkExpinDays,WorkExp
1,850297,Shawna,Buck,1971-12-12,2010-12-18,18,December,2010,5036,52
2,304721,Nathaniel,Burke,1993-10-31,2017-04-25,25,April,2017,2716,30
3,412317,Elisabeth,Foster,1994-11-26,2017-03-27,27,March,2017,2745,29
4,621375,Briana,Lancaster,1975-11-24,2003-02-25,25,February,2003,7889,48
5,787549,Estella,Potter,1995-03-13,2016-10-11,11,October,2016,2912,29
6,520092,Lamont,Woods,1991-10-13,2014-11-27,27,November,2014,3596,32
7,795934,Melinda,Lopez,1984-09-15,2005-11-22,22,November,2005,6888,40
8,159108,Shanna,Silva,1958-06-19,1999-10-23,23,October,1999,9110,66
9,330816,Jasmine,Freeman,1961-08-31,1983-02-01,1,February,1983,15218,63
10,532002,Madge,Sargent,1981-10-02,2006-04-13,13,April,2006,6746,42
11,612850,Bethany,Cline,1986-10-01,2008-04-19,19,April,2008,6009,38
12,483751,Reid,Randolph,1989-01-20,2017-04-08,8,April,2017,2733,35
13,252938,Antoine,Wiley,1996-02-22,2017-04-18,18,April,2017,2723,28
14,966375,Mathew,Hodge,1995-07-05,2016-11-11,11,November,2016,2881,29
15,707520,Bernardo,Austin,1975-02-02,2005-01-26,26,January,2005,7188,49
16,673049,Cole,Jensen,1990-02-10,2011-05-30,30,May,2011,4873,34
17,265124,Tonia,Burns,1985-04-19,2014-09-12,12,September,2014,3672,39
18,300693,Tod,Holcomb,1987-06-21,2015-06-05,5,June,2015,3406,37
19,369712,Yesenia,Guerrero,1968-03-29,1994-03-03,3,March,1994,11170,56
20,913253,Carey,Ferrell,1972-05-22,2004-10-30,30,October,2004,7276,52
21,308617,Aileen,Blanchard,1986-12-05,2009-07-18,18,July,2009,5554,37
22,766783,Marta,Cervantes,1971-02-17,2016-09-17,17,September,2016,2936,53
23,959506,Arthur,Holloway,1970-09-21,2004-01-27,27,January,2004,7553,54
24,513011,Tara,Forbes,1976-06-26,2009-09-24,24,September,2009,5486,48
25,290808,Josef,Griffin,1976-08-14,1998-02-25,25,February,1998,9715,48
26,253588,Keri,Slater,1960-08-03,1994-08-09,9,August,1994,11011,64
27,865628,Desmond,Wynn,1992-07-09,2013-10-01,1,October,2013,4018,32
28,583924,Adrienne,Puckett,1975-05-22,1997-02-22,22,February,1997,10083,49
29,932453,Beatriz,Knowles,1984-02-25,2011-09-16,16,September,2011,4764,40
30,432168,Jermaine,Sykes,1990-01-18,2016-05-24,24,May,2016,3052,34
31,463784,Scott,Best,1990-08-24,2015-12-22,22,December,2015,3206,34
32,721098,Isabel,Espinoza,1971-12-09,1993-10-14,14,October,1993,11310,52
33,392678,Marcelino,Kinney,1996-01-26,2017-02-28,28,February,2017,2772,28
34,880704,Benjamin,Jennings,1977-05-21,2001-06-10,10,June,2001,8514,47
35,186102,Marcia,Casey,1966-07-24,2013-11-08,8,November,2013,3980,58
36,350367,Rudolph,Gordon,1979-04-28,2001-11-12,12,November,2001,8359,45
37,893976,Beverly,Rosales,1975-03-04,2005-04-24,24,April,2005,7100,49
38,542826,Marcus,Bolton,1977-07-05,2011-01-09,9,January,2011,5014,47
39,590579,Priscilla,Mays,1985-09-04,2017-02-26,26,February,2017,2774,39
40,297741,Lynn,Pena,1962-08-14,1996-11-08,8,November,1996,10189,62
41,458320,Tessa,Pace,1957-12-07,2012-12-29,29,December,2012,4294,66
42,297059,Rufus,Guerra,1967-12-25,2004-05-01,1,May,2004,7458,56
43,874971,Roman,Clark,1962-12-25,1985-01-08,8,January,1985,14511,61
44,136626,Carmela,Jefferson,1975-03-17,2003-02-27,27,February,2003,7887,49
45,865495,Thurman,Good,1996-01-27,2017-02-06,6,February,2017,2794,28
46,415161,Lemuel,Guerrero,1985-06-07,2011-10-15,15,October,2011,4735,39
47,279563,Clint,Bridges,1994-05-03,2015-10-14,14,October,2015,3275,30
48,201710,Karyn,Christian,1983-05-22,2017-06-18,18,June,2017,2662,41
49,722543,Lesa,Hughes,1981-02-13,2016-01-03,3,January,2016,3194,43
50,909337,Rich,Bates,1989-02-28,2011-01-22,22,January,2011,5001,35
51,601071,Liz,Frank,1986-03-15,2009-02-14,14,February,2009,5708,38
52,269523,Kendra,Villarreal,1963-10-22,2007-03-30,30,March,2007,6395,60
53,310986,Maryellen,Mcfadden,1975-10-03,2017-04-14,14,April,2017,2727,48
54,323914,German,Carney,1958-07-21,2000-05-14,14,May,2000,8906,66
55,928739,Micheal,Shannon,1986-12-08,2015-02-27,27,February,2015,3504,37
56,238992,Carlo,Albert,1961-12-06,1996-12-26,26,December,1996,10141,62
57,434046,Bianca,Langley,1960-06-03,1994-04-14,14,April,1994,11128,64
58,971444,Elias,Cabrera,1990-07-13,2016-05-02,2,May,2016,3074,34
59,602683,Alberta,Chapman,1972-06-05,1999-06-29,29,June,1999,9226,52
60,145327,Erin,Olsen,1994-08-08,2016-04-19,19,April,2016,3087,30
61,597202,Frederic,Stephenson,1969-10-15,2013-04-23,23,April,2013,4179,54
62,168824,Tanner,Caldwell,1968-04-08,1999-06-06,6,June,1999,9249,56
63,616665,Clarence,Powers,1982-07-05,2005-04-11,11,April,2005,7113,42
64,396135,German,Sheppard,1991-07-29,2014-10-24,24,October,2014,3630,33
65,966525,Dion,Duffy,1995-04-06,2017-01-16,16,January,2017,2815,29
66,362287,Cornelius,Townsend,1970-06-02,2009-04-26,26,April,2009,5637,54
67,798646,Patsy,Koch,1984-07-15,2010-03-09,9,March,2010,5320,40
68,451972,Waldo,Shields,1970-11-29,2012-02-22,22,February,2012,4605,53
69,993675,Damien,Rose,1965-07-15,2005-12-17,17,December,2005,6863,59
70,807964,Curt,Bridges,1978-10-22,2011-09-17,17,September,2011,4763,45
71,769123,Brenton,Matthews,1970-11-06,1994-12-27,27,December,1994,10871,53
72,395792,Miguel,Finley,1980-07-06,2004-07-12,12,July,2004,7386,44
73,929791,Esperanza,Paul,1960-12-10,1990-03-14,14,March,1990,12620,63
74,141326,Patricia,Briggs,1975-11-13,2000-05-05,5,May,2000,8915,48
75,232794,Forrest,Noel,1978-03-25,1999-04-05,5,April,1999,9311,46
76,946835,Marjorie,Wells,1961-09-14,2005-12-02,2,December,2005,6878,63
77,894936,Vivian,Burnett,1960-02-09,2001-09-06,6,September,2001,8426,64
78,946630,Duncan,Chen,1964-02-17,2000-11-02,2,November,2000,8734,60
79,381338,Miriam,Barrett,1990-06-25,2016-03-08,8,March,2016,3129,34
80,141178,Adam,Kirby,1963-08-11,2015-08-03,3,August,2015,3347,61
81,169763,Benjamin,Macdonald,1976-05-16,1999-04-20,20,April,1999,9296,48
82,326358,Neil,Murray,1985-09-17,2016-03-24,24,March,2016,3113,39
83,185077,Nichole,Oneil,1957-11-30,2008-03-24,24,March,2008,6035,66
84,901185,Jonathon,Pearson,1967-09-30,2015-08-17,17,August,2015,3333,57
85,264960,Brent,Bryant,1960-05-09,1985-12-30,30,December,1985,14155,64
86,248449,Carlene,Cain,1985-11-25,2007-06-25,25,June,2007,6308,38
87,906870,Arnulfo,Pittman,1972-09-26,2002-05-11,11,May,2002,8179,52
88,160503,Nickolas,Williams,1985-06-23,2009-06-15,15,June,2009,5587,39
89,212917,Raymundo,Kramer,1975-04-29,2002-07-01,1,July,2002,8128,49
90,337955,Jeremiah,Dotson,1988-07-16,2015-01-21,21,January,2015,3541,36
91,171553,Tanner,Matthews,1976-09-24,2008-12-07,7,December,2008,5777,48
92,433510,Dorian,Foster,1960-07-24,2009-08-15,15,August,2009,5526,64
93,970502,Nora,Hansen,1982-11-13,2004-06-01,1,June,2004,7427,41
94,668717,Danial,Watts,1959-08-15,2013-06-09,9,June,2013,4132,65
95,479832,Nelson,Mcintosh,1975-08-17,2005-07-15,15,July,2005,7018,49
96,273645,Manuel,Fulton,1983-07-16,2017-06-29,29,June,2017,2651,41
97,266284,Dominic,Henson,1979-04-08,2003-02-06,6,February,2003,7908,45
98,332802,Lowell,Erickson,1982-09-02,2013-10-23,23,October,2013,3996,42
99,166615,Jayne,Coleman,1980-08-18,2010-11-27,27,November,2010,5057,44
100,953967,Cornell,Daniel,1960-05-27,2004-10-31,31,October,2004,7275,64
101,114425,Doris,Glenn,1976-01-14,2002-09-02,2,September,2002,8065,48
102,676618,Tabatha,Gonzales,1966-06-09,2009-08-07,7,August,2009,5534,58
103,581563,Jerome,Foreman,1988-12-11,2015-08-28,28,August,2015,3322,35
104,925484,Elton,Ferguson,1982-11-30,2006-05-09,9,May,2006,6720,41
105,328562,Stacy,Jennings,1980-06-06,2006-06-28,28,June,2006,6670,44
106,759248,Rory,Fowler,1976-03-06,2004-12-22,22,December,2004,7223,48
107,158543,Greg,Kane,1964-04-13,1992-05-21,21,May,1992,11821,60
108,275491,Julian,Russo,1958-04-15,1988-01-27,27,January,1988,13397,66
109,257927,Agnes,Herman,1975-12-12,1998-01-04,4,January,1998,9767,48
110,144114,Nancy,Gillespie,1980-04-26,2011-02-03,3,February,2011,4989,44
111,262843,Tyrone,Soto,1973-04-07,2002-10-26,26,October,2002,8011,51
112,963676,Bradley,Chan,1979-06-30,2002-12-02,2,December,2002,7974,45
113,745672,Emile,Love,1980-10-19,2011-01-23,23,January,2011,5000,43
114,135089,Zachary,Gregory,1986-11-14,2010-07-14,14,July,2010,5193,37
115,593953,Tara,Gutierrez,1971-01-29,1995-08-17,17,August,1995,10638,53
116,169348,Aubrey,Pugh,1993-12-13,2016-03-01,1,March,2016,3136,30
117,976096,Carroll,Sweeney,1989-06-13,2016-06-22,22,June,2016,3023,35
118,790389,Claudette,Solomon,1984-12-20,2014-07-24,24,July,2014,3722,39
119,143898,Ricky,Bowers,1976-11-05,2008-12-28,28,December,2008,5756,47
120,749765,Brian,Fitzpatrick,1978-11-30,2007-11-09,9,November,2007,6171,45
121,877422,Nicholas,Branch,1992-02-04,2013-06-13,13,June,2013,4128,32
122,825343,Eileen,Hobbs,1964-05-10,1994-08-01,1,August,1994,11019,60
123,155570,Colin,Wilson,1976-03-14,2002-04-15,15,April,2002,8205,48
124,587361,Rosario,Trevino,1960-12-20,2001-06-30,30,June,2001,8494,63
125,191240,Salvador,Gutierrez,1994-02-27,2016-01-24,24,January,2016,3173,30
126,404070,Aldo,Medina,1973-11-06,2009-10-04,4,October,2009,5476,50
127,192175,Bret,Blevins,1979-09-30,2015-07-11,11,July,2015,3370,45
128,825853,Dominic,Mosley,1996-07-19,2017-07-27,27,July,2017,2623,28
129,430843,Karina,Owens,1957-10-30,1984-06-30,30,June,1984,14703,66
130,597805,Marquis,Perkins,1984-11-30,2012-04-07,7,April,2012,4560,39
131,651120,Damon,Solomon,1964-07-31,2008-05-10,10,May,2008,5988,60
132,995242,Leonel,Atkins,1996-07-11,2017-07-27,27,July,2017,2623,28
133,839558,Teddy,Merritt,1977-06-10,2010-05-15,15,May,2010,5253,47
134,398788,Alexandria,Long,1989-02-15,2010-11-16,16,November,2010,5068,35
135,166790,Margaret,Reilly,1971-10-05,1995-01-08,8,January,1995,10859,52
136,581261,Willis,Rose,1979-07-27,2010-12-25,25,December,2010,5029,45
137,793523,Donovan,Bowman,1987-03-03,2011-09-16,16,September,2011,4764,37
138,178602,Kristina,Mcgowan,1978-08-29,2007-05-11,11,May,2007,6353,46
139,346662,Garth,Clarke,1969-11-11,2015-11-07,7,November,2015,3251,54
140,817037,Martin,Buchanan,1974-09-14,2001-07-14,14,July,2001,8480,50
141,648913,Irwin,Jenkins,1975-05-20,2013-05-23,23,May,2013,4149,49
142,924281,Reynaldo,Sosa,1965-10-15,1989-05-03,3,May,1989,12935,58
143,951857,Sherri,Snyder,1991-05-30,2013-08-21,21,August,2013,4059,33
144,474759,Johnny,Dunlap,1962-11-02,2012-07-15,15,July,2012,4461,61
145,144715,Earnest,Kirk,1965-03-01,2005-09-21,21,September,2005,6950,59
146,141086,Bernardo,Mcdowell,1963-05-28,2003-04-24,24,April,2003,7831,61
147,633255,Yvette,Warner,1996-06-17,2017-07-09,9,July,2017,2641,28
148,768457,Robby,Jordan,1974-03-20,2007-03-12,12,March,2007,6413,50
149,583282,Carolina,Coleman,1994-10-30,2016-07-01,1,July,2016,3014,29
150,421955,Sonia,Cook,1965-07-03,2012-12-25,25,December,2012,4298,59
151,556491,Larry,Tran,1970-01-12,2007-03-15,15,March,2007,6410,54
152,701223,Esmeralda,Grant,1990-12-19,2013-01-24,24,January,2013,4268,33
153,122005,Candy,Singleton,1981-06-29,2017-04-11,11,April,2017,2730,43
154,461385,Emma,Obrien,1966-09-15,2012-12-02,2,December,2012,4321,58
155,249180,Scot,Beach,1980-07-31,2010-06-29,29,June,2010,5208,44
156,634658,Rolland,Mendoza,1966-08-05,2015-01-26,26,January,2015,3536,58
157,842752,Tommie,Sanchez,1974-06-06,1997-09-25,25,September,1997,9868,50
158,513773,Jessie,Cortez,1981-09-20,2016-04-16,16,April,2016,3090,43
159,781472,Isiah,Guthrie,1965-08-19,2009-05-06,6,May,2009,5627,59
160,747200,Janelle,Gill,1962-05-27,1999-07-13,13,July,1999,9212,62
161,932425,Christoper,Haynes,1979-09-01,2014-02-24,24,February,2014,3872,45
162,962851,Kathie,Kirby,1986-11-22,2011-07-30,30,July,2011,4812,37
163,168829,Antonia,Kinney,1985-02-09,2006-05-26,26,May,2006,6703,39
164,603575,Ophelia,Wagner,1972-02-02,2013-11-25,25,November,2013,3963,52
165,419075,Hallie,Cervantes,1979-06-30,2016-04-03,3,April,2016,3103,45
166,224473,Adriana,Mcfarland,1978-08-29,2000-01-10,10,January,2000,9031,46
167,552582,Jana,Weiss,1968-01-04,2000-06-03,3,June,2000,8886,56
168,724235,Quentin,Benson,1980-03-21,2013-04-17,17,April,2013,4185,44
169,908007,Debra,Pena,1990-11-25,2015-09-17,17,September,2015,3302,33
170,871610,Kenton,Moreno,1993-01-19,2016-01-08,8,January,2016,3189,31
171,491595,Ian,Alvarado,1965-09-25,1998-12-27,27,December,1998,9410,59
172,821474,Jasper,Lucas,1981-09-18,2003-02-12,12,February,2003,7902,43
173,206783,Brock,Roberts,1968-02-27,1991-01-08,8,January,1991,12320,56
174,870463,Salvador,Deleon,1969-04-07,1995-02-21,21,February,1995,10815,55
175,809491,Terence,Giles,1976-09-15,2010-06-12,12,June,2010,5225,48
176,924427,Dario,Townsend,1962-05-10,1994-01-27,27,January,1994,11205,62
177,505780,Ester,Houston,1978-03-12,2007-07-01,1,July,2007,6302,46
178,149904,Leanne,Mcmahon,1964-01-11,1985-05-08,8,May,1985,14391,60
179,886315,Valentin,Montoya,1965-11-07,1997-01-05,5,January,1997,10131,58
180,948512,Jared,Shepherd,1996-03-26,2017-05-10,10,May,2017,2701,28
181,780963,Jami,Cantrell,1986-03-30,2007-04-20,20,April,2007,6374,38
182,282037,Bruno,Whitney,1976-03-21,2010-04-04,4,April,2010,5294,48
183,505758,Garland,Watkins,1962-01-14,2008-09-26,26,September,2008,5849,62
184,487100,Augustus,Maldonado,1992-05-25,2016-08-01,1,August,2016,2983,32
185,974444,Luther,Mcneil,1992-03-31,2014-04-02,2,April,2014,3835,32
186,829416,Jimmy,Molina,1966-05-08,2005-10-11,11,October,2005,6930,58
187,146825,Morton,Franklin,1960-08-22,2008-02-14,14,February,2008,6074,64
188,603179,Andrew,Price,1987-03-06,2009-05-31,31,May,2009,5602,37
189,175035,Ava,Romero,1972-05-25,2004-09-14,14,September,2004,7322,52
190,358935,Anastasia,Bowen,1992-12-23,2017-04-01,1,April,2017,2740,31
191,608832,Sabrina,Fowler,1982-01-03,2006-07-17,17,July,2006,6651,42
192,509911,Kirsten,Lee,1968-10-16,2014-12-19,19,December,2014,3574,55
193,354363,Tabatha,Arnold,1976-07-29,2004-12-01,1,December,2004,7244,48
194,344607,Gregg,Mann,1959-05-15,1998-07-09,9,July,1998,9581,65
195,191963,Deanne,Mccarty,1974-01-03,2012-07-03,3,July,2012,4473,50
196,695631,Juanita,Zimmerman,1974-10-16,2010-11-18,18,November,2010,5066,49
197,547420,Doug,Small,1991-12-08,2014-11-19,19,November,2014,3604,32
198,403674,Billy,Mcdowell,1983-10-06,2014-04-06,6,April,2014,3831,40
199,988937,Boyd,Valencia,1987-06-09,2016-11-16,16,November,2016,2876,37
200,937737,Roberto,Caldwell,1994-08-12,2017-03-11,11,March,2017,2761,30
201,144235,Kris,Conner,1962-05-23,1998-09-20,20,September,1998,9508,62
202,866051,Leann,Ortiz,1990-02-16,2011-04-08,8,April,2011,4925,34
203,287787,Joaquin,Bentley,1961-08-24,2012-07-28,28,July,2012,4448,63
204,316579,Leanne,Potter,1989-01-25,2015-10-16,16,October,2015,3273,35
205,625981,Jay,Sanders,1964-01-05,1987-12-29,29,December,1987,13426,60
206,232661,Luz,Brown,1961-07-06,1987-05-18,18,May,1987,13651,63
207,863522,Dudley,Preston,1977-11-16,2014-03-24,24,March,2014,3844,46
208,118236,Monroe,Beach,1987-10-18,2015-08-26,26,August,2015,3324,36
209,412201,Dina,Jones,1990-08-26,2013-07-26,26,July,2013,4085,34
210,855988,Christian,Morrison,1959-07-08,2011-11-12,12,November,2011,4707,65
211,158689,Lucile,Fleming,1966-12-13,2006-12-09,9,December,2006,6506,57
212,737292,Luciano,Ray,1991-10-19,2014-02-22,22,February,2014,3874,32
213,596917,Ahmad,Poole,1973-06-06,2016-06-01,1,June,2016,3044,51
214,620634,Janna,Hopkins,1987-11-21,2011-12-21,21,December,2011,4668,36
215,130591,Kendrick,Miles,1962-08-10,1991-01-25,25,January,1991,12303,62
216,579618,Demetrius,Ruiz,1992-12-14,2015-05-20,20,May,2015,3422,31
217,240295,Ken,Winters,1995-02-14,2016-03-31,31,March,2016,3106,29
218,846100,Earl,Gilbert,1973-01-14,2013-08-26,26,August,2013,4054,51
219,431841,Taylor,Barlow,1965-02-04,1987-04-18,18,April,1987,13681,59
220,520702,Clarissa,Lawson,1993-06-26,2015-11-11,11,November,2015,3247,31
221,771425,Lewis,Fuller,1958-11-01,2006-12-20,20,December,2006,6495,65
222,189557,Claudine,Black,1978-05-24,2015-09-09,9,September,2015,3310,46
223,702034,Mitzi,Lynch,1960-08-29,2005-03-17,17,March,2005,7138,64
224,586207,Michel,Finch,1986-06-26,2012-03-20,20,March,2012,4578,38
225,835545,Janie,Velasquez,1958-04-19,1983-05-14,14,May,1983,15116,66
226,326407,Sophie,Bass,1990-01-16,2011-10-13,13,October,2011,4737,34
227,414967,Bette,Kane,1979-12-30,2004-06-13,13,June,2004,7415,44
228,410300,Dena,Blake,1975-05-26,2011-02-24,24,February,2011,4968,49
229,252371,Dante,Farmer,1985-07-15,2010-08-18,18,August,2010,5158,39
230,297502,Angelina,Lynn,1975-03-14,2007-03-08,8,March,2007,6417,49
231,725857,Shannon,Snow,1961-11-03,2014-07-30,30,July,2014,3716,62
232,805103,Ron,Glenn,1993-07-06,2014-09-14,14,September,2014,3670,31
233,641096,Kerry,Pitts,1989-05-04,2017-04-04,4,April,2017,2737,35
234,856369,Dominick,Robbins,1979-08-19,2001-10-21,21,October,2001,8381,45
235,318571,Emory,Spence,1967-05-04,2004-10-18,18,October,2004,7288,57
236,219020,Lana,Spence,1967-07-15,2009-06-21,21,June,2009,5581,57
237,934285,Jeremy,English,1972-09-11,1996-10-20,20,October,1996,10208,52
238,149763,Dudley,Melton,1991-04-02,2013-05-17,17,May,2013,4155,33
239,363951,Frances,Stafford,1965-09-07,1987-07-25,25,July,1987,13583,59
240,306185,Percy,Hunt,1970-12-13,2004-11-07,7,November,2004,7268,53
241,225090,Alfredo,Vasquez,1973-04-21,2005-10-04,4,October,2005,6937,51
242,287114,Joanna,Perkins,1959-08-10,1992-09-09,9,September,1992,11710,65
243,811489,Susanna,Huff,1970-07-09,2011-05-04,4,May,2011,4899,54
244,162573,Ola,Thompson,1970-08-28,2003-08-19,19,August,2003,7714,54
245,836699,Louella,Wolfe,1966-02-19,2001-05-21,21,May,2001,8534,58
246,798859,Deirdre,Travis,1971-04-11,1998-07-15,15,July,1998,9575,53
247,458765,Kristina,Ware,1981-06-26,2006-10-18,18,October,2006,6558,43
248,562109,Stacy,Dixon,1963-05-27,1995-11-30,30,November,1995,10533,61
249,947334,Frankie,Clark,1960-11-19,2010-11-20,20,November,2010,5064,63
250,316995,Pauline,Gilbert,1996-07-05,2017-07-22,22,July,2017,2628,28
251,798671,Adolph,Skinner,1964-09-20,2008-05-26,26,May,2008,5972,60
252,415004,Rosa,Camacho,1995-04-07,2016-05-25,25,May,2016,3051,29
253,770810,Craig,Marquez,1982-06-16,2004-12-18,18,December,2004,7227,42
254,255640,Stanley,Lowe,1986-09-07,2008-11-14,14,November,2008,5800,38
255,311079,Morgan,Farrell,1989-04-17,2011-11-23,23,November,2011,4696,35
256,559421,Reba,Potts,1986-04-02,2011-07-07,7,July,2011,4835,38
257,959306,Shana,Gould,1973-07-20,2000-08-17,17,August,2000,8811,51
258,713805,Adam,Bartlett,1971-09-25,2005-06-20,20,June,2005,7043,53
259,532285,Leann,Melendez,1973-11-04,2007-12-17,17,December,2007,6133,50
260,664249,Floyd,Mills,1983-08-29,2006-02-02,2,February,2006,6816,41
261,339483,Scott,Carrillo,1970-01-15,1991-08-06,6,August,1991,12110,54
262,155956,Sterling,Hooper,1962-09-19,2003-08-18,18,August,2003,7715,62
263,791119,Damon,Hunt,1978-11-28,2010-11-05,5,November,2010,5079,45
264,798553,Mauricio,Potts,1986-08-31,2015-04-15,15,April,2015,3457,38
265,981925,Ebony,Eaton,1964-07-24,1999-10-26,26,October,1999,9107,60
266,648118,Bobbie,Joyner,1971-04-20,2016-04-19,19,April,2016,3087,53
267,278391,Jami,Velasquez,1992-07-23,2016-08-19,19,August,2016,2965,32
268,556573,Aisha,Gentry,1965-10-31,1991-07-10,10,July,1991,12137,58
269,159472,Moses,Reid,1964-12-22,1999-08-14,14,August,1999,9180,59
270,871770,Monique,Deleon,1990-04-09,2015-05-17,17,May,2015,3425,34
271,338556,Domingo,Gibbs,1988-11-07,2013-10-27,27,October,2013,3992,35
272,182719,Tammy,Vincent,1960-07-13,2007-11-19,19,November,2007,6161,64
273,305556,Federico,Wilson,1974-11-16,2000-04-13,13,April,2000,8937,49
274,915507,Kory,Roth,1974-01-18,2010-11-24,24,November,2010,5060,50
275,761381,Nichole,Lloyd,1986-04-23,2016-12-15,15,December,2016,2847,38
276,141022,Rodger,Chavez,1981-07-10,2005-03-03,3,March,2005,7152,43
277,528086,Bruce,Carney,1974-02-09,2013-05-07,7,May,2013,4165,50
278,177821,Derick,Ferrell,1975-02-07,2008-04-05,5,April,2008,6023,49
279,740281,Lorna,Henson,1989-06-09,2011-10-23,23,October,2011,4727,35
280,906797,Rico,Mayo,1991-06-10,2016-11-17,17,November,2016,2875,33
281,790008,Luann,Crane,1977-03-26,2010-07-15,15,July,2010,5192,47
282,825433,Tara,Goodwin,1968-07-23,2007-11-24,24,November,2007,6156,56
283,941759,Shaun,Evans,1969-04-02,1990-06-13,13,June,1990,12529,55
284,313864,Debbie,Velez,1963-04-13,1996-09-29,29,September,1996,10229,61
285,978745,May,Hodge,1975-01-22,2015-01-31,31,January,2015,3531,49
286,807182,Adeline,Evans,1988-08-13,2016-04-07,7,April,2016,3099,36
287,463743,Guy,Gilbert,1960-09-18,1988-07-17,17,July,1988,13225,64
288,901775,Opal,Hansen,1977-11-01,2017-05-04,4,May,2017,2707,46
289,197867,Robbie,Oconnor,1993-02-08,2014-05-30,30,May,2014,3777,31
290,423470,Ella,Craft,1992-02-18,2017-04-07,7,April,2017,2734,32
291,238361,Derrick,Vaughn,1965-04-16,1990-05-06,6,May,1990,12567,59
292,596366,Maura,Cherry,1970-05-03,1996-04-05,5,April,1996,10406,54
293,725424,Roderick,Vinson,1994-03-03,2016-08-28,28,August,2016,2956,30
294,229037,Gwen,Gilliam,1995-01-13,2016-05-08,8,May,2016,3068,29
295,434723,Melanie,Zimmerman,1970-06-09,1999-01-12,12,January,1999,9394,54
296,501422,Micah,Merritt,1983-10-25,2006-11-27,27,November,2006,6518,40
297,638943,Buford,Hobbs,1975-10-03,2000-03-15,15,March,2000,8966,48
298,935745,Kyle,Farmer,1974-11-20,2015-08-30,30,August,2015,3320,49
299,750581,Jocelyn,Rojas,1969-02-04,2009-10-17,17,October,2009,5463,55
300,468128,Larry,Gray,1993-09-14,2015-07-31,31,July,2015,3350,31
301,884877,Wilbur,Bates,1989-07-27,2012-04-12,12,April,2012,4555,35
302,870904,Maxine,Moran,1968-04-27,2009-03-25,25,March,2009,5669,56
303,926224,Kathleen,Middleton,1979-03-05,2009-05-20,20,May,2009,5613,45
304,220061,Norbert,Joyner,1966-04-18,2008-11-24,24,November,2008,5790,58
305,125823,Chadwick,Walton,1966-02-17,2008-09-14,14,September,2008,5861,58
306,768943,Connie,Shaffer,1973-08-10,1999-10-15,15,October,1999,9118,51
307,591698,Bobbie,Singleton,1985-01-31,2011-01-01,1,January,2011,5022,39
308,700418,Lesley,Rollins,1995-03-02,2017-02-11,11,February,2017,2789,29
309,476635,Victoria,Howe,1968-02-09,1995-09-01,1,September,1995,10623,56
310,785299,Marc,Nixon,1970-02-20,2005-12-28,28,December,2005,6852,54
311,225139,Elias,Pena,1996-03-18,2017-04-08,8,April,2017,2733,28
312,308125,Flossie,Mcpherson,1969-11-18,1996-03-18,18,March,1996,10424,54
313,129426,Lana,Hayes,1975-12-17,2013-10-15,15,October,2013,4004,48
314,399192,Nick,Wilcox,1976-11-18,2012-09-10,10,September,2012,4404,47
315,555551,Nona,Buck,1988-06-09,2010-11-08,8,November,2010,5076,36
316,245059,Abdul,Barnett,1985-03-26,2011-09-26,26,September,2011,4754,39
317,423008,Inez,Kane,1985-05-12,2009-09-11,11,September,2009,5499,39
318,316407,Raquel,Bray,1993-12-09,2015-09-10,10,September,2015,3309,30
319,410027,Sean,Noble,1962-08-17,2011-03-25,25,March,2011,4939,62
320,307715,Fred,Woodward,1970-12-23,2003-04-04,4,April,2003,7851,53
321,690117,Sylvester,Salas,1987-09-25,2016-02-18,18,February,2016,3148,37
322,149844,Berta,Irwin,1983-01-12,2012-06-02,2,June,2012,4504,41
323,116530,Noelle,Paul,1964-02-01,1988-11-19,19,November,1988,13100,60
324,234429,Chrystal,Swanson,1984-02-25,2007-04-27,27,April,2007,6367,40
325,437970,Reggie,Nolan,1989-09-17,2013-08-05,5,August,2013,4075,35
326,766745,Joanne,Melton,1964-12-19,2006-03-30,30,March,2006,6760,59
327,684446,Bryon,Gardner,1985-02-23,2008-03-04,4,March,2008,6055,39
328,385932,Noreen,Vincent,1994-09-15,2016-08-20,20,August,2016,2964,30
329,862150,Mathew,Duran,1993-09-06,2015-09-27,27,September,2015,3292,31
330,635915,Herminia,Morin,1961-02-24,1989-06-25,25,June,1989,12882,63
331,540696,Luke,Craft,1984-08-25,2013-07-26,26,July,2013,4085,40
332,870351,Ronny,Long,1982-12-10,2009-11-25,25,November,2009,5424,41
333,360498,Jeannine,Vaughn,1978-04-09,2014-04-29,29,April,2014,3808,46
334,397164,Silvia,Huff,1974-02-12,2009-01-28,28,January,2009,5725,50
335,488068,Margo,Hoffman,1985-05-14,2009-12-21,21,December,2009,5398,39
336,890432,Kimberly,Summers,1958-12-31,2006-04-30,30,April,2006,6729,65
337,935890,Jodie,Mckinney,1995-10-16,2016-12-24,24,December,2016,2838,28
338,541867,Lorrie,Leblanc,1968-01-12,1993-02-13,13,February,1993,11553,56
339,885774,Miles,Giles,1976-08-03,2007-02-12,12,February,2007,6441,48
340,979649,Jamar,Castaneda,1982-05-11,2006-05-22,22,May,2006,6707,42
341,599012,Amber,Warner,1957-11-19,2016-08-06,6,August,2016,2978,66
342,204626,Sterling,Patel,1966-02-15,2001-11-11,11,November,2001,8360,58
343,830006,Enid,Pearson,1972-07-28,2006-04-24,24,April,2006,6735,52
344,127205,Annmarie,Frye,1986-06-04,2013-07-14,14,July,2013,4097,38
345,215589,Molly,Roach,1966-10-21,2005-10-01,1,October,2005,6940,57
346,621606,Rogelio,Poole,1992-03-31,2014-07-27,27,July,2014,3719,32
347,223379,Mathew,Duke,1993-01-17,2015-09-06,6,September,2015,3313,31
348,236366,Lewis,Ayala,1992-11-29,2016-06-15,15,June,2016,3030,31
349,798043,Claudette,Walter,1984-02-17,2012-08-04,4,August,2012,4441,40
350,811092,Tracie,Delaney,1973-05-31,2011-05-19,19,May,2011,4884,51
351,288820,Eric,Mccullough,1965-10-17,1997-03-20,20,March,1997,10057,58
352,138351,Nestor,Carney,1975-06-05,1996-12-04,4,December,1996,10163,49
353,130501,Mitzi,Mueller,1967-03-03,2010-04-10,10,April,2010,5288,57
354,587373,Lillian,Atkinson,1993-02-25,2016-12-26,26,December,2016,2836,31
355,750124,Barry,Garner,1979-12-21,2014-01-26,26,January,2014,3901,44
356,495105,Coleen,Morris,1995-11-16,2017-02-02,2,February,2017,2798,28
357,282678,Marci,Alvarado,1966-05-31,2007-09-02,2,September,2007,6239,58
358,241302,Monty,Lancaster,1960-03-18,1985-08-07,7,August,1985,14300,64
359,790290,Norris,Adams,1993-10-21,2016-04-08,8,April,2016,3098,30
360,924304,Elvira,Byrd,1990-02-07,2011-04-19,19,April,2011,4914,34
361,234880,Keven,Logan,1989-02-11,2012-05-10,10,May,2012,4527,35
362,443072,Rosendo,Rasmussen,1978-10-26,2001-04-29,29,April,2001,8556,45
363,232070,Carly,Leach,1971-01-03,2013-12-20,20,December,2013,3938,53
364,902132,Colleen,Bray,1982-04-07,2014-07-29,29,July,2014,3717,42
365,280781,Ollie,William,1979-10-19,2007-09-14,14,September,2007,6227,44
366,589440,Hilario,Vang,1978-06-06,2011-04-12,12,April,2011,4921,46
367,940754,Nadine,Blanchard,1978-03-14,2001-10-29,29,October,2001,8373,46
368,888277,Wm,Carroll,1987-05-16,2017-01-17,17,January,2017,2814,37
369,430202,Minnie,Mckee,1995-08-26,2016-09-23,23,September,2016,2930,29
370,928723,Angela,Compton,1967-01-21,2008-12-01,1,December,2008,5783,57
371,449164,Lillian,Gill,1970-07-28,2000-04-09,9,April,2000,8941,54
372,117603,Bob,Weiss,1991-10-26,2012-12-23,23,December,2012,4300,32
373,811884,Edwin,Perez,1992-02-27,2014-06-11,11,June,2014,3765,32
374,463579,Bernardo,Langley,1972-10-21,2007-08-30,30,August,2007,6242,51
375,915993,William,Morrison,1967-03-30,2001-10-02,2,October,2001,8400,57
376,836259,Vance,Osborne,1972-11-09,2001-06-30,30,June,2001,8494,51
377,520719,Edmund,Salas,1959-07-08,1989-08-16,16,August,1989,12830,65
378,409341,Imogene,Sanders,1985-06-03,2012-10-15,15,October,2012,4369,39
379,528576,Darin,Callahan,1992-10-27,2014-04-14,14,April,2014,3823,31
380,315565,Loretta,Sawyer,1996-01-23,2017-03-07,7,March,2017,2765,28
381,242740,Olive,Livingston,1981-02-09,2002-09-16,16,September,2002,8051,43
382,763459,Gino,Mcconnell,1975-10-08,2005-05-23,23,May,2005,7071,48
383,239010,Fred,Hayes,1979-12-17,2001-03-30,30,March,2001,8586,44
384,865905,Nelson,Wilkins,1961-12-12,2017-02-23,23,February,2017,2777,62
385,657908,Joyce,Hooper,1980-02-21,2002-07-14,14,July,2002,8115,44
386,652723,Juliana,Rowland,1993-04-07,2016-12-08,8,December,2016,2854,31
387,944699,Norris,Mack,1983-09-18,2009-10-16,16,October,2009,5464,41
388,517283,Tom,Frye,1976-04-09,2015-03-18,18,March,2015,3485,48
389,176214,Josephine,Pitts,1972-12-29,2008-08-30,30,August,2008,5876,51
390,680485,Les,Brady,1990-07-06,2016-12-23,23,December,2016,2839,34
391,891142,Jaime,Avery,1967-03-07,2005-10-28,28,October,2005,6913,57
392,810984,Marissa,Caldwell,1979-10-03,2000-10-25,25,October,2000,8742,44
393,896022,Lavern,Gardner,1971-10-19,1998-02-27,27,February,1998,9713,52
394,162773,Evangeline,Mejia,1959-09-06,2010-01-31,31,January,2010,5357,65
395,408036,Brandy,Carr,1976-11-21,2008-09-21,21,September,2008,5854,47
396,591248,Molly,Manning,1962-06-11,2004-06-30,30,June,2004,7398,62
397,562393,Gale,Perez,1964-12-02,1994-04-10,10,April,1994,11132,59
398,808843,Merlin,Yates,1991-01-01,2012-04-04,4,April,2012,4563,33
399,645393,Nelson,Mooney,1967-06-02,1995-07-01,1,July,1995,10685,57
400,685818,Jackson,Bass,1983-03-14,2013-06-03,3,June,2013,4138,41
401,747647,Trisha,Mueller,1975-06-13,2006-09-28,28,September,2006,6578,49
402,846178,Lilia,Collins,1980-06-07,2004-02-04,4,February,2004,7545,44
403,754091,Kimberly,Cantu,1976-10-07,2002-10-04,4,October,2002,8033,47
404,808727,Luciano,Jordan,1994-04-23,2016-03-12,12,March,2016,3125,30
405,143029,Danny,Robbins,1963-09-27,1999-02-13,13,February,1999,9362,61
406,923271,Wilfredo,Richards,1960-12-13,1985-10-26,26,October,1985,14220,63
407,621988,Callie,Snider,1989-12-18,2012-06-25,25,June,2012,4481,34
408,240842,Rachelle,Reed,1977-11-27,2010-04-14,14,April,2010,5284,46
409,517038,Bobbi,Olson,1963-11-03,2017-06-05,5,June,2017,2675,60
410,456842,Kris,Richards,1966-02-24,2011-04-14,14,April,2011,4919,58
411,276700,Marissa,Meyer,1958-07-13,1995-02-28,28,February,1995,10808,66
412,510431,Jamar,Reese,1965-06-13,1999-03-26,26,March,1999,9321,59
413,451543,Nelda,Webster,1986-01-16,2016-03-03,3,March,2016,3134,38
414,423508,Carolina,Bruce,1971-10-06,2007-04-22,22,April,2007,6372,52
415,399486,Terri,Phelps,1975-11-23,1998-12-16,16,December,1998,9421,48
416,295933,Nestor,Rosales,1979-04-05,2010-04-23,23,April,2010,5275,45
417,855670,Adrian,Robles,1958-06-08,1982-10-14,14,October,1982,15328,66
418,151449,Kyle,Rios,1993-02-09,2016-11-28,28,November,2016,2864,31
419,394700,Domingo,Wilkinson,1985-01-21,2008-03-12,12,March,2008,6047,39
420,328740,Leonardo,Bird,1974-01-24,1997-05-26,26,May,1997,9990,50
421,924134,Hubert,Zimmerman,1980-03-22,2009-10-07,7,October,2009,5473,44
422,556518,Kory,Frank,1987-08-29,2010-09-28,28,September,2010,5117,37
423,237003,Tami,Hayes,1992-12-18,2016-04-02,2,April,2016,3104,31
424,518193,Amanda,Carr,1973-05-27,2009-11-27,27,November,2009,5422,51
425,540019,Stephen,Bauer,1990-06-13,2013-08-30,30,August,2013,4050,34
426,489463,Johnie,Carney,1991-06-07,2015-06-20,20,June,2015,3391,33
427,763039,Rebekah,Hull,1973-01-25,2017-04-29,29,April,2017,2712,51
428,854365,Kelly,Spence,1972-03-12,1997-04-03,3,April,1997,10043,52
429,233110,Tracie,Estes,1982-05-11,2012-04-17,17,April,2012,4550,42
430,416483,Bennett,Le,1982-08-08,2004-05-29,29,May,2004,7430,42
431,629763,Vernon,Bass,1962-10-06,2013-03-18,18,March,2013,4215,61
432,755278,Theron,Sweet,1995-03-15,2016-06-14,14,June,2016,3031,29
433,471560,Ernie,Holden,1983-11-28,2013-05-15,15,May,2013,4157,40
434,988676,Shawn,Rasmussen,1978-12-04,2013-07-05,5,July,2013,4106,45
435,606109,Enrique,Adams,1965-12-14,2001-08-18,18,August,2001,8445,58
436,414129,Ernie,Aguilar,1960-08-08,2001-01-17,17,January,2001,8658,64
437,286890,Carolyn,Donaldson,1960-04-29,2005-03-01,1,March,2005,7154,64
438,944811,Margie,Deleon,1979-04-13,2005-08-28,28,August,2005,6974,45
439,975770,Keven,Collins,1972-07-12,1995-10-01,1,October,1995,10593,52
440,590955,Bruce,Colon,1972-05-02,2010-08-25,25,August,2010,5151,52
441,565658,Kristen,Lott,1989-07-06,2011-03-20,20,March,2011,4944,35
442,569664,Howard,Dodson,1983-02-25,2007-02-18,18,February,2007,6435,41
443,939970,Merle,Britt,1977-11-14,2009-06-21,21,June,2009,5581,46
444,848744,Hector,Bradley,1988-10-09,2013-01-05,5,January,2013,4287,35
445,452230,Darnell,Spencer,1969-09-13,1999-08-11,11,August,1999,9183,55
446,930129,Janelle,William,1971-02-23,2004-10-11,11,October,2004,7295,53
447,909139,Eula,Atkinson,1963-05-06,2012-02-16,16,February,2012,4611,61
448,678436,Theresa,Bender,1959-02-27,1982-02-27,27,February,1982,15557,65
449,196011,Kimberley,Jacobson,1989-10-01,2010-10-20,20,October,2010,5095,35
450,666886,Angelita,Reyes,1963-06-16,1987-01-30,30,January,1987,13759,61
451,572348,Selma,Floyd,1993-09-30,2015-11-26,26,November,2015,3232,31
452,846144,Edna,Paul,1960-01-08,1989-08-22,22,August,1989,12824,64
453,665326,Dewayne,Sheppard,1958-11-12,2003-05-21,21,May,2003,7804,65
454,119399,Gale,Rodriquez,1961-05-25,1995-05-23,23,May,1995,10724,63
455,744539,Cora,Blackburn,1963-12-24,2013-11-07,7,November,2013,3981,60
456,518154,Annmarie,Roth,1980-10-16,2006-02-22,22,February,2006,6796,43
457,416872,Owen,Lopez,1976-11-10,2017-05-26,26,May,2017,2685,47
458,339806,Chrystal,Pittman,1966-11-20,2009-03-23,23,March,2009,5671,57
459,991522,Thurman,Daniel,1969-04-14,2001-11-18,18,November,2001,8353,55
460,830373,Darnell,Hoffman,1982-04-17,2013-02-25,25,February,2013,4236,42
461,987377,Raymundo,Sims,1963-11-27,2009-08-14,14,August,2009,5527,60
462,551251,Frederick,Graham,1962-12-22,2015-04-26,26,April,2015,3446,61
463,143864,Natalie,Marshall,1973-12-24,2001-03-25,25,March,2001,8591,50
464,679990,Thad,Franklin,1994-02-24,2016-11-02,2,November,2016,2890,30
465,851939,Belinda,Trujillo,1991-10-19,2017-01-23,23,January,2017,2808,32
466,272885,Rosanna,Chase,1972-04-12,2011-12-22,22,December,2011,4667,52
467,588553,Wilda,Rios,1986-11-04,2010-06-03,3,June,2010,5234,37
468,739367,Alyssa,Marquez,1978-05-26,2012-07-07,7,July,2012,4469,46
469,271247,Liz,Barry,1991-09-02,2013-08-26,26,August,2013,4054,33
470,778200,Mariano,Lloyd,1959-08-02,1996-11-16,16,November,1996,10181,65
471,338449,Forest,Moss,1963-08-29,1994-05-13,13,May,1994,11099,61
472,581042,Gino,Sullivan,1965-11-20,2014-02-02,2,February,2014,3894,58
473,138800,Jarred,Bernard,1968-05-01,2012-04-24,24,April,2012,4543,56
474,553362,Preston,Floyd,1968-03-21,1992-05-05,5,May,1992,11837,56
475,435055,Clinton,Farley,1982-08-19,2015-05-31,31,May,2015,3411,42
476,469392,Dana,Hill,1958-11-05,1999-06-29,29,June,1999,9226,65
477,161467,Odell,Bryan,1980-10-20,2012-08-04,4,August,2012,4441,43
478,755543,Tameka,Atkinson,1983-08-30,2009-10-12,12,October,2009,5468,41
479,129077,Dominique,Moreno,1991-01-08,2014-08-26,26,August,2014,3689,33
480,707856,Abraham,Mayo,1989-05-03,2015-01-31,31,January,2015,3531,35
481,817818,Augustus,Hines,1966-11-27,1990-11-13,13,November,1990,12376,57
482,226811,Rene,Burks,1992-01-01,2016-12-24,24,December,2016,2838,32
483,283199,Christian,Acevedo,1980-07-21,2006-09-16,16,September,2006,6590,44
484,319493,Major,Lucas,1982-11-09,2011-02-09,9,February,2011,4983,41
485,205347,Frieda,Hebert,1957-08-23,1985-06-11,11,June,1985,14357,67
486,508019,Rachael,Newman,1960-06-12,2001-07-11,11,July,2001,8483,64
487,774862,Bernadine,Joseph,1967-12-01,2006-03-03,3,March,2006,6787,56
488,394200,Deanna,Mccoy,1972-09-08,1995-06-27,27,June,1995,10689,52
489,887692,Joseph,Tucker,1979-10-03,2006-08-22,22,August,2006,6615,44
490,408248,Antwan,Richardson,1973-09-29,2004-07-15,15,July,2004,7383,51
491,787931,Harrison,Ortega,1975-04-13,1998-07-27,27,July,1998,9563,49
492,547050,Dylan,Cantu,1963-07-01,1998-12-25,25,December,1998,9412,61
493,964084,Winston,Hewitt,1958-04-11,2013-08-14,14,August,2013,4066,66
494,574256,Serena,Marshall,1980-11-01,2016-05-01,1,May,2016,3075,43
495,215473,Maryann,Vance,1971-11-02,2010-06-08,8,June,2010,5229,52
496,932175,Roxie,Mckay,1989-10-14,2013-11-25,25,November,2013,3963,34
497,472119,Sonny,Morin,1969-11-19,2001-11-15,15,November,2001,8356,54
498,282137,Eduardo,Burnett,1970-03-30,2002-02-27,27,February,2002,8252,54
499,395867,Marietta,Watson,1971-03-25,2014-01-31,31,January,2014,3896,53
500,923329,Nettie,Preston,1979-06-26,2003-09-15,15,September,2003,7687,45
501,901654,Sandy,Gillespie,1989-07-21,2012-10-21,21,October,2012,4363,35
502,673438,Christopher,Peters,1989-07-24,2015-10-17,17,October,2015,3272,35
503,626693,Felicia,Gilmore,1973-02-04,1996-02-26,26,February,1996,10445,51
504,683325,Tyler,Mercado,1968-04-23,1999-12-04,4,December,1999,9068,56
505,486465,Arline,Campbell,1987-12-28,2012-04-06,6,April,2012,4561,36
506,213493,Margo,Daniels,1970-01-26,2009-10-14,14,October,2009,5466,54
507,234177,Kareem,Jimenez,1982-07-23,2010-06-29,29,June,2010,5208,42
508,289041,Nanette,Lee,1963-05-13,2016-09-14,14,September,2016,2939,61
509,384810,Myra,Franco,1990-02-11,2012-03-25,25,March,2012,4573,34
510,149750,Luther,Harrell,1980-01-28,2009-12-01,1,December,2009,5418,44
511,864858,Ramon,Campbell,1990-09-22,2013-04-12,12,April,2013,4190,34
512,856418,Sallie,Huffman,1962-08-11,2005-04-30,30,April,2005,7094,62
513,415537,Shirley,Herrera,1977-08-04,2010-02-28,28,February,2010,5329,47
514,414557,Corey,Harrell,1971-07-23,2003-05-16,16,May,2003,7809,53
515,999475,Carrie,Keller,1994-03-12,2015-07-31,31,July,2015,3350,30
516,554345,Ofelia,Rivers,1974-05-14,2000-07-14,14,July,2000,8845,50
517,349751,Shelton,Harrison,1986-04-20,2011-09-03,3,September,2011,4777,38
518,194598,Carlene,Bernard,1994-07-21,2015-08-17,17,August,2015,3333,30
519,466860,Earline,Cherry,1975-07-19,1997-04-04,4,April,1997,10042,49
520,618554,Kitty,Mathis,1958-11-02,1991-10-26,26,October,1991,12029,65
521,535812,Lavonne,Carney,1969-11-24,2009-05-02,2,May,2009,5631,54
522,500345,Reyna,Marks,1982-10-10,2017-03-13,13,March,2017,2759,41
523,735598,Preston,Perez,1961-10-30,1992-10-29,29,October,1992,11660,62
524,921061,Isaac,Cochran,1964-07-14,2006-08-25,25,August,2006,6612,60
525,968785,Noe,Clay,1975-03-22,2002-08-11,11,August,2002,8087,49
526,735499,Callie,Cohen,1967-12-25,1996-10-19,19,October,1996,10209,56
527,983480,Elliott,Marks,1966-01-29,2000-01-05,5,January,2000,9036,58
528,206279,Georgina,Lamb,1991-11-09,2016-04-12,12,April,2016,3094,32
529,582100,Frances,May,1966-11-20,2001-12-21,21,December,2001,8320,57
530,821988,Marc,Hurley,1982-07-21,2016-12-13,13,December,2016,2849,42
531,611384,Nathaniel,Bates,1967-11-02,2003-09-20,20,September,2003,7682,56
532,993792,Colby,Holder,1973-08-08,1999-01-06,6,January,1999,9400,51
533,316999,Dee,Love,1963-09-21,1993-07-02,2,July,1993,11414,61
534,880526,Willie,Gibson,1962-01-09,1999-08-01,1,August,1999,9193,62
535,201612,Alison,Walsh,1971-08-12,2010-08-20,20,August,2010,5156,53
536,481137,Gena,Holman,1989-05-05,2013-06-18,18,June,2013,4123,35
537,191985,Tammy,Casey,1980-04-14,2002-03-19,19,March,2002,8232,44
538,244500,Shirley,Waller,1959-06-24,1990-02-10,10,February,1990,12652,65
539,920668,Joanna,Poole,1987-05-25,2015-06-09,9,June,2015,3402,37
540,335470,Amber,Mendoza,1973-02-05,1994-09-05,5,September,1994,10984,51
541,150036,Lourdes,Hull,1968-05-27,1990-11-16,16,November,1990,12373,56
542,251640,Kim,England,1970-02-18,1995-06-25,25,June,1995,10691,54
543,588702,Haley,Maddox,1972-03-13,2004-06-25,25,June,2004,7403,52
544,707453,Rory,Atkins,1966-09-05,1995-03-19,19,March,1995,10789,58
545,239168,Kathrine,Whitaker,1992-07-30,2016-09-21,21,September,2016,2932,32
546,146790,Lou,Buckner,1989-10-29,2010-11-29,29,November,2010,5055,34
547,637843,Karla,Barrera,1966-06-16,1993-05-12,12,May,1993,11465,58
548,689587,Ava,Kane,1983-04-10,2012-03-24,24,March,2012,4574,41
549,126316,Roseann,Riley,1976-08-17,2010-02-22,22,February,2010,5335,48
550,318026,Elizabeth,Fernandez,1995-07-04,2016-07-31,31,July,2016,2984,29
551,848311,Flora,Decker,1957-08-20,1995-06-22,22,June,1995,10694,67
552,774548,Shannon,Parker,1987-12-17,2011-02-13,13,February,2011,4979,36
553,611233,James,Cain,1996-01-04,2017-02-22,22,February,2017,2778,28
554,421652,Craig,Roberts,1964-09-26,2004-10-22,22,October,2004,7284,60
555,528969,Celina,Huffman,1977-08-25,2002-09-15,15,September,2002,8052,47
556,202408,Jimmie,Burnett,1995-02-23,2017-01-01,1,January,2017,2830,29
557,918148,Faye,Barrett,1985-07-02,2008-11-14,14,November,2008,5800,39
558,396091,Gena,Bradley,1973-02-17,1999-10-06,6,October,1999,9127,51
559,808996,Deandre,Good,1966-06-13,2007-06-29,29,June,2007,6304,58
560,752301,Garland,Ayers,1971-02-15,2011-02-27,27,February,2011,4965,53
561,654102,Jerrod,Bell,1992-07-20,2014-11-15,15,November,2014,3608,32
562,809104,Alexis,Holland,1979-12-25,2011-08-17,17,August,2011,4794,44
563,929548,Deidre,Barrett,1986-05-28,2012-04-24,24,April,2012,4543,38
564,978535,Fred,Hoffman,1970-07-01,2017-02-10,10,February,2017,2790,54
565,211729,Effie,Santana,1962-11-25,1993-08-02,2,August,1993,11383,61
566,760573,Juliette,Mosley,1964-09-02,2014-01-11,11,January,2014,3916,60
567,979873,Susan,Schwartz,1968-12-11,2002-04-15,15,April,2002,8205,55
568,446702,Richie,Downs,1960-10-12,1992-10-02,2,October,1992,11687,63
569,505362,Winston,Griffin,1993-12-06,2015-02-25,25,February,2015,3506,30
570,451940,Sammy,Mills,1985-02-26,2006-05-22,22,May,2006,6707,39
571,411196,Gracie,Mosley,1967-11-29,2015-01-17,17,January,2015,3545,56
572,636457,Manuel,Bentley,1958-10-25,2014-10-05,5,October,2014,3649,65
573,262702,Roberto,Hogan,1964-05-24,2003-09-06,6,September,2003,7696,60
574,422323,Wilma,Gray,1963-07-31,2002-02-23,23,February,2002,8256,61
575,328389,Roderick,Perry,1984-02-27,2009-01-09,9,January,2009,5744,40
576,733184,Mayra,Bowen,1972-04-22,2011-05-20,20,May,2011,4883,52
577,649821,Andres,Alexander,1982-08-21,2015-12-23,23,December,2015,3205,42
578,117956,Quentin,Carney,1978-08-05,2015-03-12,12,March,2015,3491,46
579,670526,Adrian,Dunlap,1985-01-16,2013-08-26,26,August,2013,4054,39
580,752997,Lelia,Sawyer,1980-05-05,2015-07-18,18,July,2015,3363,44
581,340599,Tad,Patrick,1977-05-07,1998-11-24,24,November,1998,9443,47
582,239415,Pansy,Macdonald,1973-01-19,2015-10-28,28,October,2015,3261,51
583,280326,Agustin,Gentry,1962-11-27,1985-06-16,16,June,1985,14352,61
584,445516,Riley,Conley,1991-11-06,2013-06-10,10,June,2013,4131,32
585,586177,Bernard,Leach,1989-11-18,2012-12-28,28,December,2012,4295,34
586,866614,Lonnie,Gonzales,1968-05-12,2005-02-11,11,February,2005,7172,56
587,751376,Courtney,Barnes,1993-07-03,2014-12-01,1,December,2014,3592,31
588,196645,Eliza,Odonnell,1987-02-15,2013-01-18,18,January,2013,4274,37
589,728839,Jody,Mejia,1959-11-22,2013-09-01,1,September,2013,4048,64
590,694921,Pam,Stuart,1967-01-20,1990-02-28,28,February,1990,12634,57
591,719798,Trevor,Romero,1982-09-09,2013-03-12,12,March,2013,4221,42
592,375797,Tamara,Perez,1976-04-25,2012-12-30,30,December,2012,4293,48
593,160350,Bonita,Dixon,1978-09-02,2003-10-24,24,October,2003,7648,46
594,937931,Raphael,Durham,1972-04-08,2010-11-07,7,November,2010,5077,52
595,155916,Rosanne,Mendoza,1958-09-22,1980-01-11,11,January,1980,16335,66
596,905335,Ola,Hays,1979-12-02,2014-05-16,16,May,2014,3791,44
597,502509,Genevieve,Finley,1957-11-07,2003-05-18,18,May,2003,7807,66
598,563580,Lamont,Albert,1968-04-09,1995-08-20,20,August,1995,10635,56
599,433698,Margie,Vincent,1974-11-04,2006-12-22,22,December,2006,6493,49
600,163351,Terrell,Sears,1970-04-27,1997-10-31,31,October,1997,9832,54
601,898816,Edna,Riddle,1960-09-20,2007-10-21,21,October,2007,6190,64
602,641368,Lindsey,Griffin,1978-11-26,2004-02-27,27,February,2004,7522,45
603,177982,Lorrie,Sears,1972-10-27,1998-01-16,16,January,1998,9755,51
604,330889,Denver,Mays,1969-03-26,2015-07-04,4,July,2015,3377,55
605,639474,Daisy,Giles,1987-10-30,2017-04-29,29,April,2017,2712,36
606,911800,Esperanza,Wade,1970-02-26,2014-08-28,28,August,2014,3687,54
607,222807,Janice,Berg,1958-05-25,1981-11-06,6,November,1981,15670,66
608,516945,Helene,Gallegos,1989-03-28,2012-12-03,3,December,2012,4320,35
609,230829,Rosario,Tyson,1996-06-25,2017-06-25,25,June,2017,2655,28
610,133610,Teresa,Bowen,1986-08-02,2009-12-24,24,December,2009,5395,38
611,791967,Janna,Joseph,1981-09-29,2014-09-26,26,September,2014,3658,43
612,772354,Erika,Myers,1975-04-26,2002-12-13,13,December,2002,7963,49
613,909265,Mohamed,Fitzgerald,1959-03-24,2013-02-20,20,February,2013,4241,65
614,208763,Mohammad,Downs,1975-11-28,2013-10-31,31,October,2013,3988,48
615,679572,Felipe,Vance,1962-02-15,1987-06-18,18,June,1987,13620,62
616,992569,Rusty,Moran,1980-03-29,2004-06-16,16,June,2004,7412,44
617,821754,Kirsten,Wolf,1961-04-05,1985-11-09,9,November,1985,14206,63
618,751897,Mercedes,Glass,1964-05-29,1988-08-24,24,August,1988,13187,60
619,208375,Kenya,Merrill,1980-03-01,2006-03-31,31,March,2006,6759,44
620,931551,Laurence,Camacho,1989-03-10,2015-02-01,1,February,2015,3530,35
621,317525,Shirley,Potter,1986-01-31,2013-03-17,17,March,2013,4216,38
622,993099,Ricky,Snider,1959-06-29,1981-02-12,12,February,1981,15937,65
623,854776,Jerry,Jacobs,1985-07-28,2014-08-18,18,August,2014,3697,39
624,437878,Melva,Payne,1978-03-12,2000-03-13,13,March,2000,8968,46
625,350842,Josef,Lamb,1973-12-16,2004-08-05,5,August,2004,7362,50
626,125134,Ellen,Bird,1969-03-01,2002-07-07,7,July,2002,8122,55
627,651597,Lydia,Lindsey,1972-07-01,2001-09-28,28,September,2001,8404,52
628,801970,Becky,Bolton,1972-08-18,2015-08-27,27,August,2015,3323,52
629,217117,Edna,Petersen,1958-04-29,2000-07-07,7,July,2000,8852,66
630,539548,Yong,Poole,1982-07-26,2013-11-26,26,November,2013,3962,42
631,479754,Shannon,Singleton,1960-01-27,1987-03-23,23,March,1987,13707,64
632,992197,Benny,Smith,1988-09-22,2013-09-13,13,September,2013,4036,36
633,844571,Rhea,Faulkner,1968-05-09,1995-08-12,12,August,1995,10643,56
634,618339,Tracy,Sparks,1989-06-07,2011-08-18,18,August,2011,4793,35
635,804360,Wilburn,Atkins,1972-11-25,2013-03-25,25,March,2013,4208,51
636,335435,Frank,Larson,1975-02-15,2001-12-11,11,December,2001,8330,49
637,308129,Barton,Mullen,1970-06-30,2004-11-11,11,November,2004,7264,54
638,192292,Max,Barrera,1960-08-19,1999-02-03,3,February,1999,9372,64
639,410844,Eliseo,Wilkerson,1982-08-12,2017-02-27,27,February,2017,2773,42
640,530958,Lynne,Vinson,1988-03-30,2012-04-25,25,April,2012,4542,36
641,232194,Maude,Jackson,1965-11-28,2012-07-29,29,July,2012,4447,58
642,888196,Kathryn,Sargent,1984-07-25,2010-03-05,5,March,2010,5324,40
643,696612,Dan,William,1966-04-22,2014-04-19,19,April,2014,3818,58
644,775434,Tanisha,Lester,1977-12-11,2001-12-07,7,December,2001,8334,46
645,860093,Kitty,Clay,1970-12-25,2003-01-24,24,January,2003,7921,53
646,476072,Kent,Jackson,1974-11-05,1996-02-21,21,February,1996,10450,49
647,407160,Ashlee,Gardner,1965-01-13,2015-02-08,8,February,2015,3523,59
648,221262,Felecia,Sparks,1962-11-21,2007-10-08,8,October,2007,6203,61
649,790187,Horace,Rasmussen,1958-11-11,2012-08-15,15,August,2012,4430,65
650,771945,Rickie,Gilmore,1962-08-17,1999-10-19,19,October,1999,9114,62
651,372188,Maria,Chavez,1986-05-10,2017-05-09,9,May,2017,2702,38
652,657125,Michael,West,1972-02-09,1999-12-07,7,December,1999,9065,52
653,489761,Paula,Pacheco,1995-11-15,2017-03-30,30,March,2017,2742,28
654,651738,Rick,Sawyer,1960-03-09,1993-01-27,27,January,1993,11570,64
655,463929,Ramiro,Rojas,1984-11-02,2006-07-06,6,July,2006,6662,39
656,521878,Benny,Stephenson,1986-07-04,2015-12-23,23,December,2015,3205,38
657,697802,Beryl,Nelson,1988-03-02,2010-07-17,17,July,2010,5190,36
658,842936,Bernice,Conrad,1980-05-29,2002-08-02,2,August,2002,8096,44
659,333260,Bud,Knowles,1959-07-07,2007-10-27,27,October,2007,6184,65
660,696218,Anita,Pratt,1958-05-17,2001-01-21,21,January,2001,8654,66
661,161109,Kareem,Fuentes,1974-01-22,2001-10-21,21,October,2001,8381,50
662,938475,Curtis,Hoover,1978-04-28,2011-09-11,11,September,2011,4769,46
663,368041,Tamika,Rosa,1973-05-10,2009-10-25,25,October,2009,5455,51
664,738794,Carmelo,Scott,1986-10-09,2011-01-12,12,January,2011,5011,37
665,703738,Rebecca,Moon,1987-08-06,2015-12-26,26,December,2015,3202,37
666,188409,Pearlie,Bryant,1987-07-09,2008-12-31,31,December,2008,5753,37
667,206997,Donovan,Russo,1977-11-22,2000-04-26,26,April,2000,8924,46
668,677871,Robt,Ramsey,1986-03-24,2009-06-20,20,June,2009,5582,38
669,963113,Lacy,Rowe,1961-02-12,1997-10-08,8,October,1997,9855,63
670,291577,Rosemary,Vaughn,1983-09-24,2012-01-24,24,January,2012,4634,41
671,142501,Lon,Martin,1988-08-05,2011-10-24,24,October,2011,4726,36
672,358556,Grace,Dejesus,1979-01-25,2000-02-01,1,February,2000,9009,45
673,126137,Felix,Haynes,1978-08-12,2003-01-13,13,January,2003,7932,46
674,409492,Beatriz,Pugh,1982-04-12,2011-02-13,13,February,2011,4979,42
675,967793,Louisa,Wallace,1987-06-11,2009-11-19,19,November,2009,5430,37
676,790017,Aubrey,Myers,1958-12-27,2005-03-15,15,March,2005,7140,65
677,998638,Reyna,Mccoy,1983-05-22,2016-09-21,21,September,2016,2932,41
678,402452,Rusty,Fletcher,1979-08-09,2013-07-08,8,July,2013,4103,45
679,490868,Houston,Morris,1981-05-19,2012-10-02,2,October,2012,4382,43
680,381597,Edwardo,Stone,1988-07-05,2016-11-13,13,November,2016,2879,36
681,852587,Clifton,Langley,1992-06-07,2017-01-07,7,January,2017,2824,32
682,732315,Amparo,Campos,1972-10-04,2016-01-10,10,January,2016,3187,51
683,937260,Martha,Schmidt,1982-11-02,2009-03-28,28,March,2009,5666,41
684,290034,Charmaine,Hawkins,1984-08-07,2012-12-31,31,December,2012,4292,40
685,273325,Jayne,Thomas,1960-01-09,1981-03-05,5,March,1981,15916,64
686,809726,Bryce,Cox,1978-11-20,2004-04-24,24,April,2004,7465,45
687,575035,Beatrice,Lawson,1990-03-26,2017-01-08,8,January,2017,2823,34
688,211129,Alphonse,Torres,1972-01-07,2002-05-26,26,May,2002,8164,52
689,673451,Rae,Peck,1992-01-23,2016-03-15,15,March,2016,3122,32
690,230226,Dona,Maxwell,1976-10-09,2014-06-11,11,June,2014,3765,47
691,673126,David,Meyer,1968-06-27,2001-11-07,7,November,2001,8364,56
692,615857,Clara,Harrington,1985-11-15,2006-11-17,17,November,2006,6528,38
693,251151,Harlan,Vaughan,1975-10-29,1999-04-30,30,April,1999,9286,48
694,232585,Wanda,Lester,1965-04-15,1995-06-30,30,June,1995,10686,59
695,237448,Keri,Buchanan,1985-06-16,2009-04-09,9,April,2009,5654,39
696,764254,Wilfred,Charles,1974-03-13,2017-01-25,25,January,2017,2806,50
697,837427,Lynn,Howe,1989-03-19,2015-12-16,16,December,2015,3212,35
698,934912,Faye,Mercer,1982-11-25,2005-12-01,1,December,2005,6879,41
699,747004,Bennie,Melendez,1958-07-23,1987-07-09,9,July,1987,13599,66
700,497086,Scotty,Ellis,1973-04-25,1994-08-05,5,August,1994,11015,51
701,743314,Grady,Herman,1969-06-10,1990-08-25,25,August,1990,12456,55
702,570767,Eula,Aguirre,1971-03-28,2002-04-08,8,April,2002,8212,53
703,445556,Nita,Adams,1986-02-02,2009-08-11,11,August,2009,5530,38
704,471961,Zachery,Harvey,1971-06-13,2005-05-11,11,May,2005,7083,53
705,273769,Scot,Faulkner,1966-05-22,2001-05-25,25,May,2001,8530,58
706,280832,Mia,Joseph,1989-06-20,2017-06-16,16,June,2017,2664,35
707,411066,Hung,Herman,1976-12-13,2014-11-08,8,November,2014,3615,47
708,843879,Genevieve,Bradshaw,1967-03-04,1990-11-10,10,November,1990,12379,57
709,352677,Alec,Brown,1967-03-17,2006-12-10,10,December,2006,6505,57
710,237902,Pasquale,Knight,1960-12-15,1992-12-24,24,December,1992,11604,63
711,180696,Sheri,Whitley,1981-12-06,2012-08-05,5,August,2012,4440,42
712,168016,Mauro,Marshall,1988-11-23,2010-05-02,2,May,2010,5266,35
713,481176,Cristina,Grimes,1993-10-07,2015-09-23,23,September,2015,3296,30
714,438561,Raul,Frost,1965-07-28,2009-02-02,2,February,2009,5720,59
715,709146,Amparo,Dixon,1979-05-11,2014-03-27,27,March,2014,3841,45
716,746945,Efrain,Carney,1958-06-17,2014-12-15,15,December,2014,3578,66
717,473773,Stacey,Workman,1966-03-26,1994-04-23,23,April,1994,11119,58
718,828174,Leon,Mcgowan,1986-05-11,2007-09-29,29,September,2007,6212,38
719,438094,Vonda,Johns,1972-07-09,2006-08-22,22,August,2006,6615,52
720,866744,Jorge,Wright,1983-06-14,2016-08-18,18,August,2016,2966,41
721,638900,Brandy,Bean,1995-05-20,2016-09-11,11,September,2016,2942,29
722,759226,Lakeisha,Bowman,1967-12-30,1989-02-21,21,February,1989,13006,56
723,476750,Ernestine,Lambert,1970-03-13,2009-10-02,2,October,2009,5478,54
724,588664,Julius,Gardner,1986-12-02,2012-06-20,20,June,2012,4486,37
725,403910,Naomi,Jacobs,1973-05-14,2000-07-25,25,July,2000,8834,51
726,449655,Sydney,Frederick,1992-03-07,2016-11-10,10,November,2016,2882,32
727,226863,Clifton,Tyson,1967-02-23,1993-07-08,8,July,1993,11408,57
728,651910,Consuelo,Hamilton,1960-09-29,2006-05-30,30,May,2006,6699,64
729,717861,Aldo,Jarvis,1982-12-14,2008-08-20,20,August,2008,5886,41
730,885624,Deidre,Anthony,1985-04-28,2014-03-13,13,March,2014,3855,39
731,341048,Maura,Delaney,1963-08-17,1999-12-02,2,December,1999,9070,61
732,709748,Claudine,Landry,1985-02-07,2016-06-29,29,June,2016,3016,39
733,454287,Silvia,Ortega,1966-03-25,2001-04-01,1,April,2001,8584,58
734,390973,Gilda,Dillon,1971-11-17,1998-01-22,22,January,1998,9749,52
735,570009,Mai,Jennings,1984-11-04,2007-02-01,1,February,2007,6452,39
736,454506,Cecilia,Dawson,1975-02-19,1999-06-21,21,June,1999,9234,49
737,147313,Wilburn,Rowe,1977-12-13,2015-10-31,31,October,2015,3258,46
738,307771,Delbert,Cooley,1976-11-27,2016-05-17,17,May,2016,3059,47
739,498653,Vincent,Case,1983-07-19,2007-10-08,8,October,2007,6203,41
740,964798,Orlando,Wilkerson,1973-04-05,2009-12-20,20,December,2009,5399,51
741,616656,Isiah,Hubbard,1971-02-28,2012-04-02,2,April,2012,4565,53
742,232425,Jeanine,Ratliff,1967-08-14,2014-12-22,22,December,2014,3571,57
743,504422,Damien,Middleton,1976-06-06,1999-07-01,1,July,1999,9224,48
744,941632,Fern,Burris,1973-10-15,2003-11-02,2,November,2003,7639,50
745,925954,Katy,Glass,1972-08-09,2006-12-13,13,December,2006,6502,52
746,585128,Nikki,Bean,1989-10-14,2011-06-17,17,June,2011,4855,34
747,271180,Norris,Alvarez,1985-08-29,2011-09-25,25,September,2011,4755,39
748,277858,Reinaldo,Eaton,1981-05-20,2009-06-24,24,June,2009,5578,43
749,118882,Eddie,Irwin,1985-04-08,2011-08-20,20,August,2011,4791,39
750,957082,Denise,Swanson,1992-05-06,2017-04-29,29,April,2017,2712,32
751,191995,Sasha,Beard,1980-06-05,2004-10-02,2,October,2004,7304,44
752,294276,Josh,Tucker,1991-07-28,2016-03-19,19,March,2016,3118,33
753,955260,Rodger,Roach,1968-11-25,1993-11-15,15,November,1993,11278,55
754,457714,Miles,Mcdaniel,1963-10-29,2011-07-07,7,July,2011,4835,60
755,327467,Erin,French,1974-05-18,2012-08-10,10,August,2012,4435,50
756,642418,Rosalind,Booth,1971-04-04,1998-01-12,12,January,1998,9759,53
757,536053,Lenard,Conner,1976-06-04,2017-05-09,9,May,2017,2702,48
758,950796,Wilson,Mcmillan,1990-10-17,2015-01-05,5,January,2015,3557,33
759,475176,Harley,Murphy,1967-02-23,2008-10-25,25,October,2008,5820,57
760,873985,Carrie,Ramsey,1995-02-20,2017-03-01,1,March,2017,2771,29
761,706151,Esteban,Finch,1978-07-23,2013-05-02,2,May,2013,4170,46
762,734991,Merle,Martin,1965-07-23,2016-05-01,1,May,2016,3075,59
763,461350,Joanna,Rodriquez,1963-11-09,1987-10-28,28,October,1987,13488,60
764,454745,Cyrus,Gardner,1992-05-13,2013-12-22,22,December,2013,3936,32
765,901588,Mariana,Mcneil,1961-03-25,1984-02-18,18,February,1984,14836,63
766,891083,Fletcher,Hardin,1995-05-24,2016-09-10,10,September,2016,2943,29
767,654747,Edwin,Brock,1994-08-05,2015-10-30,30,October,2015,3259,30
768,778415,Noreen,Bray,1960-11-23,1988-03-26,26,March,1988,13338,63
769,996768,Ollie,Woods,1984-01-26,2014-08-30,30,August,2014,3685,40
770,295864,Cleveland,Kirkland,1993-04-22,2016-06-22,22,June,2016,3023,31
771,924999,Arron,Olsen,1978-01-01,2009-07-28,28,July,2009,5544,46
772,291663,Elijah,Garrison,1987-01-01,2014-05-20,20,May,2014,3787,37
773,818352,Allie,Landry,1966-01-07,2006-09-05,5,September,2006,6601,58
774,636018,Janie,Cooke,1970-05-12,2012-08-27,27,August,2012,4418,54
775,712045,Shelia,Conrad,1974-08-15,2001-05-13,13,May,2001,8542,50
776,507999,Aida,Banks,1991-11-29,2013-09-23,23,September,2013,4026,32
777,770255,Lora,Wheeler,1977-09-01,2012-10-31,31,October,2012,4353,47
778,977573,Fritz,Gross,1977-03-12,2004-02-29,29,February,2004,7520,47
779,206695,Natalie,Ellison,1972-07-06,2008-06-22,22,June,2008,5945,52
780,688327,Eliseo,Berry,1985-02-28,2011-08-10,10,August,2011,4801,39
781,903098,Philip,Mcbride,1987-11-25,2017-05-26,26,May,2017,2685,36
782,557561,Kay,Travis,1967-08-14,1994-08-20,20,August,1994,11000,57
783,864516,Liliana,Donovan,1984-09-18,2007-06-08,8,June,2007,6325,40
784,743727,Elise,Kidd,1967-02-24,1989-02-24,24,February,1989,13003,57
785,205865,Tabitha,Baird,1961-05-03,2002-01-01,1,January,2002,8309,63
786,909024,Barney,Guerrero,1974-01-02,2006-09-24,24,September,2006,6582,50
787,808609,Myrtle,Riggs,1990-10-10,2017-01-16,16,January,2017,2815,33
788,804895,Frederick,Mckay,1987-08-09,2013-04-09,9,April,2013,4193,37
789,564246,Debora,Hinton,1994-10-01,2016-09-20,20,September,2016,2933,30
790,208230,Merlin,Meyers,1970-11-14,2009-12-25,25,December,2009,5394,53
791,232387,Celia,Huffman,1995-03-13,2016-04-08,8,April,2016,3098,29
792,124923,Tina,Cabrera,1970-03-12,1999-06-09,9,June,1999,9246,54
793,274518,Kelsey,Brown,1985-10-09,2009-11-29,29,November,2009,5420,38
794,288568,Danny,Shaw,1972-04-27,1997-08-14,14,August,1997,9910,52
795,802355,Dena,Gomez,1968-12-30,1999-05-12,12,May,1999,9274,55
796,648744,Edmund,Blankenship,1965-11-11,2017-03-22,22,March,2017,2750,58
797,224106,Hershel,Cain,1964-03-08,1986-04-06,6,April,1986,14058,60
798,543320,Lawanda,Whitehead,1973-07-29,2013-02-11,11,February,2013,4250,51
799,838662,Sophia,Gregory,1986-02-11,2012-11-03,3,November,2012,4350,38
800,138130,Lauren,Mcgee,1977-06-12,2014-04-25,25,April,2014,3812,47
801,516579,Guy,Rutledge,1994-06-28,2016-02-06,6,February,2016,3160,30
802,939556,Kurt,Oconnor,1970-06-20,2002-03-12,12,March,2002,8239,54
803,495659,Mallory,Pearson,1970-01-22,1993-01-17,17,January,1993,11580,54
804,630030,Louisa,Nelson,1979-02-28,2005-09-30,30,September,2005,6941,45
805,874431,Diego,Huffman,1961-07-10,1998-03-03,3,March,1998,9709,63
806,809793,Louisa,Ellison,1978-12-05,2004-08-13,13,August,2004,7354,45
807,942454,Josue,Cross,1986-03-31,2011-03-26,26,March,2011,4938,38
808,228229,Ines,Dominguez,1975-01-20,2010-01-27,27,January,2010,5361,49
809,375190,Lance,Garza,1979-09-22,2003-08-18,18,August,2003,7715,45
810,532560,Belinda,Pace,1976-07-07,2009-07-11,11,July,2009,5561,48
811,210135,Gracie,Herring,1988-08-20,2013-10-20,20,October,2013,3999,36
812,228355,Benito,Knapp,1979-07-15,2004-02-16,16,February,2004,7533,45
813,965308,Lucinda,Mcgowan,1983-11-15,2017-07-15,15,July,2017,2635,40
814,768500,Jami,Golden,1960-11-21,1985-01-21,21,January,1985,14498,63
815,816768,David,Gutierrez,1995-02-19,2017-01-04,4,January,2017,2827,29
816,909541,Clement,Myers,1958-11-26,1983-06-20,20,June,1983,15079,65
817,529604,Shane,Porter,1982-06-07,2014-04-08,8,April,2014,3829,42
818,140932,Clint,Gross,1969-04-20,2000-05-21,21,May,2000,8899,55
819,725731,Ofelia,Pickett,1990-02-27,2013-05-25,25,May,2013,4147,34
820,214985,Karina,Green,1967-10-03,2006-01-12,12,January,2006,6837,56
821,405156,Sam,Burris,1960-02-16,1986-11-10,10,November,1986,13840,64
822,249736,Lina,Shannon,1981-02-17,2010-04-14,14,April,2010,5284,43
823,526273,Myles,Coleman,1983-02-03,2011-01-07,7,January,2011,5016,41
824,654723,Clay,Freeman,1973-08-09,2011-04-12,12,April,2011,4921,51
825,672964,Catalina,Guthrie,1975-05-13,2000-01-23,23,January,2000,9018,49
826,240799,Nannie,Moon,1976-05-19,2009-07-24,24,July,2009,5548,48
827,169618,Donovan,Serrano,1988-10-16,2013-05-15,15,May,2013,4157,35
828,430633,Sondra,Reyes,1993-04-18,2016-07-06,6,July,2016,3009,31
829,116286,Terrance,Duke,1984-11-02,2013-06-22,22,June,2013,4119,39
830,486573,Colleen,Rodriguez,1994-02-13,2015-04-28,28,April,2015,3444,30
831,371751,Thad,Luna,1969-02-22,2007-04-02,2,April,2007,6392,55
832,783654,Terence,Clay,1995-07-24,2016-11-30,30,November,2016,2862,29
833,845635,Bettie,Holman,1979-12-24,2013-05-12,12,May,2013,4160,44
834,266624,Boyd,Greer,1996-01-30,2017-04-13,13,April,2017,2728,28
835,682855,Corey,Edwards,1969-06-19,1990-11-18,18,November,1990,12371,55
836,229899,Violet,Lindsay,1959-06-25,2013-05-19,19,May,2013,4153,65
837,701561,Camille,Mullins,1967-06-03,2001-07-12,12,July,2001,8482,57
838,114862,Nicole,Rodriquez,1964-02-01,2002-01-15,15,January,2002,8295,60
839,445650,Joan,Bauer,1982-01-28,2013-08-12,12,August,2013,4068,42
840,574544,Kennith,Marquez,1971-12-09,1994-08-01,1,August,1994,11019,52
841,990758,Mae,Hurst,1988-07-08,2010-02-19,19,February,2010,5338,36
842,833424,Denver,Mann,1958-07-08,1987-12-22,22,December,1987,13433,66
843,864834,Milford,Dickerson,1965-10-26,1999-12-03,3,December,1999,9069,58
844,703495,Marva,Phelps,1974-04-03,2015-10-05,5,October,2015,3284,50
845,222179,Betsy,Dillon,1982-12-04,2014-07-11,11,July,2014,3735,41
846,951011,Celeste,Ramirez,1981-11-30,2015-02-22,22,February,2015,3509,42
847,187639,Tonya,Burke,1982-06-13,2015-08-04,4,August,2015,3346,42
848,375051,Deana,Spencer,1976-07-30,2000-10-09,9,October,2000,8758,48
849,509810,Susanne,Joseph,1963-12-25,1985-07-28,28,July,1985,14310,60
850,625661,Cole,Spencer,1959-06-17,2003-04-25,25,April,2003,7830,65
851,662168,Marlon,Whitaker,1982-04-10,2008-04-19,19,April,2008,6009,42
852,678244,Trudy,Frazier,1960-06-05,2007-04-02,2,April,2007,6392,64
853,864339,Tania,May,1960-04-03,1985-01-16,16,January,1985,14503,64
854,436424,Leonel,Guerrero,1992-05-05,2014-07-06,6,July,2014,3740,32
855,606834,Nadia,Stokes,1979-07-20,2005-10-03,3,October,2005,6938,45
856,268942,Cody,Dillard,1976-02-21,2001-05-09,9,May,2001,8546,48
857,484822,Megan,Fry,1996-01-19,2017-05-23,23,May,2017,2688,28
858,397241,Darla,Durham,1987-06-26,2012-11-26,26,November,2012,4327,37
859,924252,Cecile,Ross,1994-01-04,2016-10-22,22,October,2016,2901,30
860,717079,Helene,Franco,1967-06-25,2002-01-07,7,January,2002,8303,57
861,494794,Vernon,Buchanan,1993-12-17,2015-05-10,10,May,2015,3432,30
862,970841,Marva,Santiago,1988-10-27,2012-08-06,6,August,2012,4439,35
863,281794,Yvette,Bentley,1992-05-30,2015-11-30,30,November,2015,3228,32
864,520539,Derick,Daugherty,1985-12-31,2007-03-24,24,March,2007,6401,38
865,567269,Fay,Villarreal,1989-04-04,2012-11-29,29,November,2012,4324,35
866,749292,Deanna,Wilkins,1962-12-18,2016-05-29,29,May,2016,3047,61
867,292144,Augusta,Andrews,1985-12-16,2013-10-03,3,October,2013,4016,38
868,896825,Erna,Tran,1976-09-07,2009-11-18,18,November,2009,5431,48
869,216408,Luther,Short,1993-06-13,2017-04-09,9,April,2017,2732,31
870,579003,Curtis,Williamson,1974-07-21,2013-10-26,26,October,2013,3993,50
871,249410,Yvette,Rivers,1971-11-09,2006-01-13,13,January,2006,6836,52
872,241389,Walter,Velez,1992-04-21,2016-03-08,8,March,2016,3129,32
873,311405,Christa,Wilkins,1974-10-25,2011-05-15,15,May,2011,4888,49
874,796832,Milton,Neal,1971-12-04,2003-06-29,29,June,2003,7765,52
875,976347,Kimberly,Harmon,1991-10-06,2015-07-08,8,July,2015,3373,32
876,363748,Lemuel,Houston,1979-01-22,2014-12-09,9,December,2014,3584,45
877,368157,Marcie,Weiss,1994-10-22,2016-10-21,21,October,2016,2902,29
878,466203,Bart,Whitaker,1962-06-23,2007-02-17,17,February,2007,6436,62
879,893798,Patrice,Koch,1995-05-19,2016-07-11,11,July,2016,3004,29
880,501368,Xavier,Mcintosh,1990-12-10,2014-08-22,22,August,2014,3693,33
881,507594,Lidia,Rojas,1993-09-06,2016-04-22,22,April,2016,3084,31
882,390989,Essie,Bridges,1993-03-13,2015-11-26,26,November,2015,3232,31
883,312364,Sondra,Stephens,1976-11-11,2001-01-24,24,January,2001,8651,47
884,444670,Monte,Contreras,1975-05-14,1998-10-19,19,October,1998,9479,49
885,969572,Ernesto,Moreno,1965-11-27,2006-02-16,16,February,2006,6802,58
886,129405,Ismael,Ellis,1975-04-10,2000-08-23,23,August,2000,8805,49
887,612960,Elijah,Hopkins,1994-04-26,2016-11-13,13,November,2016,2879,30
888,328690,Leigh,Mccall,1987-07-18,2008-07-27,27,July,2008,5910,37
889,960091,Genaro,Stafford,1979-08-17,2000-10-16,16,October,2000,8751,45
890,563448,Lucy,Hinton,1976-05-24,1998-12-23,23,December,1998,9414,48
891,982922,Bernadette,Glass,1994-05-24,2016-01-29,29,January,2016,3168,30
892,646972,Lee,Peck,1976-02-10,2009-06-05,5,June,2009,5597,48
893,387407,Damian,Ellison,1962-04-26,2010-09-02,2,September,2010,5143,62
894,468347,Dusty,Hendricks,1967-06-04,2013-10-08,8,October,2013,4011,57
895,707678,Katina,Wynn,1987-09-13,2015-03-21,21,March,2015,3482,37
896,709899,Clair,Morris,1958-07-07,1981-12-13,13,December,1981,15633,66
897,931481,Ernesto,Short,1993-02-03,2015-06-25,25,June,2015,3386,31
898,415337,Frankie,Wiggins,1958-10-24,1990-02-12,12,February,1990,12650,65
899,795746,Angelique,Guy,1990-04-23,2012-07-20,20,July,2012,4456,34
900,880808,Marcelino,Tanner,1962-07-25,2009-02-10,10,February,2009,5712,62
901,224527,Tony,Weiss,1971-05-29,1993-10-28,28,October,1993,11296,53
902,674436,Lenard,Cardenas,1981-02-06,2008-11-18,18,November,2008,5796,43
903,492623,Aurora,Gray,1965-04-29,1988-01-18,18,January,1988,13406,59
904,589874,Manuela,Koch,1967-12-13,2009-09-21,21,September,2009,5489,56
905,476018,Jean,Mclean,1987-05-04,2011-05-28,28,May,2011,4875,37
906,228339,Barbra,Sutton,1987-07-01,2012-09-28,28,September,2012,4386,37
907,239118,Deann,Mccormick,1959-04-12,1988-06-04,4,June,1988,13268,65
908,125780,Reba,Browning,1964-09-19,1993-10-22,22,October,1993,11302,60
909,431018,Rickie,Alston,1990-04-13,2015-03-17,17,March,2015,3486,34
910,452967,Lyman,Reeves,1990-04-10,2017-01-19,19,January,2017,2812,34
911,407464,Deon,Quinn,1965-09-19,2007-11-25,25,November,2007,6155,59
912,871827,Israel,Mccarthy,1972-10-05,2001-01-11,11,January,2001,8664,51
913,884068,Moises,Berger,1964-05-06,2006-06-10,10,June,2006,6688,60
914,131361,Jerri,Douglas,1963-05-03,1994-02-06,6,February,1994,11195,61
915,259652,Bradley,Nieves,1983-09-02,2005-02-02,2,February,2005,7181,41
916,430932,Romeo,Foster,1983-05-05,2005-01-07,7,January,2005,7207,41
917,637522,Leopoldo,Mcgee,1986-10-25,2017-04-28,28,April,2017,2713,37
918,467568,Andrea,Crawford,1978-08-23,2009-09-02,2,September,2009,5508,46
919,683539,Charley,Daniel,1959-03-08,2014-04-30,30,April,2014,3807,65
920,417301,Carolyn,Butler,1978-08-02,2006-03-27,27,March,2006,6763,46
921,682104,Gracie,Stanley,1974-10-24,2005-11-20,20,November,2005,6890,49
922,544977,Jerrold,Sweet,1991-11-01,2015-10-23,23,October,2015,3266,32
923,928962,Joshua,Small,1960-09-17,2001-08-20,20,August,2001,8443,64
924,248088,Kristy,Jordan,1989-12-15,2013-03-06,6,March,2013,4227,34
925,599683,Spencer,Williams,1977-08-09,2014-04-29,29,April,2014,3808,47
926,117980,Ashley,Ochoa,1978-08-24,2015-03-24,24,March,2015,3479,46
927,899405,Rocco,Wall,1964-10-02,1994-05-07,7,May,1994,11105,59
928,935067,Sonny,Carey,1961-10-27,2008-05-20,20,May,2008,5978,62
929,521604,Erich,Goodman,1962-04-03,1986-11-27,27,November,1986,13823,62
930,848091,Mack,Massey,1993-05-15,2016-04-16,16,April,2016,3090,31
931,999219,Vicky,Burgess,1992-04-06,2017-05-02,2,May,2017,2709,32
932,209627,Willa,Hensley,1965-11-01,2003-09-28,28,September,2003,7674,58
933,642586,Reva,Morales,1988-12-27,2011-03-13,13,March,2011,4951,35
934,651163,Ina,Cummings,1993-06-22,2016-04-29,29,April,2016,3077,31
935,425289,Kristi,Monroe,1972-03-26,2006-06-16,16,June,2006,6682,52
936,314444,Danial,Carpenter,1986-07-26,2012-04-01,1,April,2012,4566,38
937,956821,Benita,Duncan,1957-11-17,1985-12-08,8,December,1985,14177,66
938,711278,Dwayne,Kim,1976-01-04,2009-02-27,27,February,2009,5695,48
939,125371,Lorrie,Rocha,1995-01-16,2016-12-21,21,December,2016,2841,29
940,906259,Juliana,Hines,1979-12-15,2007-04-21,21,April,2007,6373,44
941,327429,Mac,Mcleod,1979-02-05,2003-06-14,14,June,2003,7780,45
942,272413,Bryce,Bonner,1958-02-13,2008-03-03,3,March,2008,6056,66
943,645306,Guadalupe,Holcomb,1981-02-27,2013-12-27,27,December,2013,3931,43
944,180869,Jacob,Cherry,1970-10-04,2014-08-15,15,August,2014,3700,53
945,222563,Jeanette,Rivera,1963-09-03,2002-05-22,22,May,2002,8168,61
946,541221,Jefferson,Holt,1996-07-17,2017-07-15,15,July,2017,2635,28
947,198476,Dillon,Dunn,1973-06-18,1999-05-25,25,May,1999,9261,51
948,664807,Bertie,Slater,1994-02-03,2017-01-05,5,January,2017,2826,30
949,673745,Hannah,Cooper,1993-10-04,2015-11-13,13,November,2015,3245,30
950,812026,Jon,Mcneil,1973-03-22,2008-01-01,1,January,2008,6118,51
951,957459,Caitlin,Mann,1961-11-05,1990-09-29,29,September,1990,12421,62
952,118109,Doris,Giles,1959-01-03,2000-10-08,8,October,2000,8759,65
953,900863,Barbra,Hobbs,1991-05-09,2013-10-06,6,October,2013,4013,33
954,147382,Hung,Witt,1965-08-06,1998-07-25,25,July,1998,9565,59
955,456816,Adele,Scott,1980-08-29,2012-03-27,27,March,2012,4571,44
956,437096,Stella,Guy,1979-10-13,2016-03-31,31,March,2016,3106,44
957,159397,Clement,Lancaster,1971-08-13,2005-01-04,4,January,2005,7210,53
958,169739,Rosetta,Decker,1993-04-03,2016-04-07,7,April,2016,3099,31
959,995863,Caleb,Poole,1972-04-19,2004-06-09,9,June,2004,7419,52
960,779374,Dudley,Elliott,1966-09-08,1996-04-01,1,April,1996,10410,58
961,587639,Barbara,Palmer,1984-06-07,2014-04-23,23,April,2014,3814,40
962,964222,Alana,Henderson,1959-06-15,1987-11-17,17,November,1987,13468,65
963,597006,Hazel,Case,1962-08-03,1987-10-07,7,October,1987,13509,62
964,688836,Erich,Lyons,1996-03-31,2017-04-27,27,April,2017,2714,28
965,498361,Elise,Zimmerman,1977-12-26,2007-08-14,14,August,2007,6258,46
966,759183,Mauro,Fernandez,1982-06-09,2011-05-20,20,May,2011,4883,42
967,186298,Luisa,Mcintyre,1963-05-06,1992-07-19,19,July,1992,11762,61
968,776211,Duane,Lowery,1979-12-12,2003-06-29,29,June,2003,7765,44
969,337146,Weldon,Hyde,1974-02-18,2006-08-27,27,August,2006,6610,50
970,273427,Ilene,Head,1986-03-06,2007-08-25,25,August,2007,6247,38
971,329548,Phil,Montgomery,1991-11-13,2017-07-28,28,July,2017,2622,32
972,955183,Jonas,Underwood,1995-07-13,2017-01-10,10,January,2017,2821,29
973,862947,Benita,Mcgee,1970-12-30,2005-05-16,16,May,2005,7078,53
974,174542,Rochelle,Guerrero,1992-09-10,2015-06-18,18,June,2015,3393,32
975,857324,Terra,Webb,1973-07-01,2008-12-15,15,December,2008,5769,51
976,678498,Buford,Zimmerman,1994-09-04,2016-07-23,23,July,2016,2992,30
977,661971,Emanuel,Nichols,1962-06-05,1999-05-09,9,May,1999,9277,62
978,537235,Cheryl,French,1985-08-20,2012-09-09,9,September,2012,4405,39
979,712170,Theodore,Dale,1994-12-17,2017-07-01,1,July,2017,2649,29
980,285184,Ginger,Palmer,1978-05-23,2009-02-09,9,February,2009,5713,46
981,994907,Lilian,Stein,1996-06-23,2017-06-23,23,June,2017,2657,28
982,523887,Gilbert,Luna,1968-10-01,2004-12-25,25,December,2004,7220,56
983,684722,Waldo,Wright,1973-01-26,2014-10-29,29,October,2014,3625,51
984,792224,Tommie,Cunningham,1977-07-12,2013-10-27,27,October,2013,3992,47
985,199699,George,Potts,1961-01-13,2006-06-23,23,June,2006,6675,63
986,953997,Graham,Hutchinson,1985-05-18,2013-02-11,11,February,2013,4250,39
987,149818,Ophelia,Pena,1986-01-11,2016-06-23,23,June,2016,3022,38
988,352882,Lon,Harper,1994-04-24,2016-09-02,2,September,2016,2951,30
989,760995,Irvin,Witt,1993-01-25,2014-03-28,28,March,2014,3840,31
990,873626,Sheri,Spears,1982-01-07,2007-11-25,25,November,2007,6155,42
991,247051,Alberta,Page,1981-02-05,2010-08-17,17,August,2010,5159,43
992,715045,Kerri,Santos,1982-11-10,2017-02-18,18,February,2017,2782,41
993,601808,Olin,Case,1991-06-06,2015-02-14,14,February,2015,3517,33
994,569286,Stefan,Jacobs,1983-09-26,2008-10-30,30,October,2008,5815,41
995,172440,Cody,Allison,1988-12-23,2017-06-21,21,June,2017,2659,35
996,568435,Bonnie,Baker,1985-08-03,2008-01-07,7,January,2008,6112,39
997,597409,Luke,Turner,1987-02-12,2010-03-05,5,March,2010,5324,37
998,359608,Eva,Holman,1957-09-26,2001-02-20,20,February,2001,8624,67
999,803426,Maritza,Christian,1987-05-19,2012-03-15,15,March,2012,4583,37
1000,669618,Phyllis,Dudley,1957-11-02,1980-01-17,17,January,1980,16329,66
